<?xml version="1.0" encoding="UTF-8"?>
<export version="D">
  <design>
    <source>/Users/willmar/Documents/Kicad/Kicadprojekts/Tonuino Kopfhörerbuchse PCM5102A/KopfhoÃàrerbuchse mit PCM5102A.sch</source>
    <date>Sonntag, 14. Juni 2020 um 12:11:27</date>
    <tool>Eeschema (5.1.5-0)</tool>
    <sheet number="1" name="/" tstamps="/">
      <title_block>
        <title>Kopfhörerplatine für Tonuino mit ESP32</title>
        <company>Willmar Priewe</company>
        <rev/>
        <date>20.04.202</date>
        <source>KopfhoÃàrerbuchse mit PCM5102A.sch</source>
        <comment number="1" value=""/>
        <comment number="2" value=""/>
        <comment number="3" value=""/>
        <comment number="4" value=""/>
      </title_block>
    </sheet>
  </design>
  <components>
    <comp ref="J2">
      <value>AudioJack3_Dual_Switch</value>
      <footprint>Connector_Audio:Jack_3.5mm_Cliff_Horizontal</footprint>
      <libsource lib="Connector" part="AudioJack3_Dual_Switch" description="Audio Jack, Dual, 3 Poles (Stereo / TRS), Switched Poles (Normalling)"/>
      <sheetpath names="/" tstamps="/"/>
      <tstamp>5E774924</tstamp>
    </comp>
    <comp ref="J1">
      <value>Conn_02x03_Odd_Even</value>
      <footprint>Connector_PinHeader_2.54mm:PinHeader_2x03_P2.54mm_Vertical_large</footprint>
      <datasheet>~</datasheet>
      <libsource lib="Connector_Generic" part="Conn_02x03_Odd_Even" description="Generic connector, double row, 02x03, odd/even pin numbering scheme (row 1 odd numbers, row 2 even numbers), script generated (kicad-library-utils/schlib/autogen/connector/)"/>
      <sheetpath names="/" tstamps="/"/>
      <tstamp>5E775A73</tstamp>
    </comp>
    <comp ref="U2">
      <value>TDA1308</value>
      <footprint>Package_SO:SO-8_5.3x6.2mm_P1.27mm</footprint>
      <datasheet>https://www.nxp.com/docs/en/data-sheet/TDA1308.pdf</datasheet>
      <libsource lib="Amplifier_Audio" part="TDA1308" description="Class-AB Stereo Headphone Driver, SOIC-8/TSSOP-8"/>
      <sheetpath names="/" tstamps="/"/>
      <tstamp>5E776BDF</tstamp>
    </comp>
    <comp ref="C3">
      <value>1µ</value>
      <footprint>Capacitor_SMD:C_0603_1608Metric_Pad1.05x0.95mm_HandSolder</footprint>
      <datasheet>~</datasheet>
      <libsource lib="Device" part="C" description="Unpolarized capacitor"/>
      <sheetpath names="/" tstamps="/"/>
      <tstamp>5E77F17D</tstamp>
    </comp>
    <comp ref="C4">
      <value>1µ</value>
      <footprint>Capacitor_SMD:C_0603_1608Metric_Pad1.05x0.95mm_HandSolder</footprint>
      <datasheet>~</datasheet>
      <libsource lib="Device" part="C" description="Unpolarized capacitor"/>
      <sheetpath names="/" tstamps="/"/>
      <tstamp>5E77F86B</tstamp>
    </comp>
    <comp ref="C2">
      <value>100n</value>
      <footprint>Capacitor_SMD:C_0603_1608Metric_Pad1.05x0.95mm_HandSolder</footprint>
      <datasheet>~</datasheet>
      <libsource lib="Device" part="C" description="Unpolarized capacitor"/>
      <sheetpath names="/" tstamps="/"/>
      <tstamp>5E780909</tstamp>
    </comp>
    <comp ref="C5">
      <value>22µ</value>
      <footprint>Capacitor_THT:CP_Radial_D4.0mm_P1.50mm</footprint>
      <datasheet>~</datasheet>
      <libsource lib="Device" part="CP" description="Polarized capacitor"/>
      <sheetpath names="/" tstamps="/"/>
      <tstamp>5E780ED8</tstamp>
    </comp>
    <comp ref="C9">
      <value>100µ</value>
      <footprint>Capacitor_THT:CP_Radial_D6.3mm_P2.50mm</footprint>
      <datasheet>~</datasheet>
      <libsource lib="Device" part="CP" description="Polarized capacitor"/>
      <sheetpath names="/" tstamps="/"/>
      <tstamp>5E781866</tstamp>
    </comp>
    <comp ref="C8">
      <value>100µ</value>
      <footprint>Capacitor_THT:CP_Radial_D6.3mm_P2.50mm</footprint>
      <datasheet>~</datasheet>
      <libsource lib="Device" part="CP" description="Polarized capacitor"/>
      <sheetpath names="/" tstamps="/"/>
      <tstamp>5E7821C2</tstamp>
    </comp>
    <comp ref="R9">
      <value>3,9k</value>
      <footprint>Resistor_SMD:R_0805_2012Metric_Pad1.15x1.40mm_HandSolder</footprint>
      <datasheet>~</datasheet>
      <libsource lib="Device" part="R" description="Resistor"/>
      <sheetpath names="/" tstamps="/"/>
      <tstamp>5E79696A</tstamp>
    </comp>
    <comp ref="R7">
      <value>3,9k</value>
      <footprint>Resistor_SMD:R_0805_2012Metric_Pad1.15x1.40mm_HandSolder</footprint>
      <datasheet>~</datasheet>
      <libsource lib="Device" part="R" description="Resistor"/>
      <sheetpath names="/" tstamps="/"/>
      <tstamp>5E798B55</tstamp>
    </comp>
    <comp ref="R3">
      <value>10k</value>
      <footprint>Resistor_SMD:R_0805_2012Metric_Pad1.15x1.40mm_HandSolder</footprint>
      <datasheet>~</datasheet>
      <libsource lib="Device" part="R" description="Resistor"/>
      <sheetpath names="/" tstamps="/"/>
      <tstamp>5E799C51</tstamp>
    </comp>
    <comp ref="R8">
      <value>3,9k</value>
      <footprint>Resistor_SMD:R_0805_2012Metric_Pad1.15x1.40mm_HandSolder</footprint>
      <datasheet>~</datasheet>
      <libsource lib="Device" part="R" description="Resistor"/>
      <sheetpath names="/" tstamps="/"/>
      <tstamp>5E799C5B</tstamp>
    </comp>
    <comp ref="R2">
      <value>10k</value>
      <footprint>Resistor_SMD:R_0805_2012Metric_Pad1.15x1.40mm_HandSolder</footprint>
      <datasheet>~</datasheet>
      <libsource lib="Device" part="R" description="Resistor"/>
      <sheetpath names="/" tstamps="/"/>
      <tstamp>5E79ACB9</tstamp>
    </comp>
    <comp ref="R6">
      <value>3,9k</value>
      <footprint>Resistor_SMD:R_0805_2012Metric_Pad1.15x1.40mm_HandSolder</footprint>
      <datasheet>~</datasheet>
      <libsource lib="Device" part="R" description="Resistor"/>
      <sheetpath names="/" tstamps="/"/>
      <tstamp>5E79ACCD</tstamp>
    </comp>
    <comp ref="R5">
      <value>10k</value>
      <footprint>Resistor_SMD:R_0805_2012Metric_Pad1.15x1.40mm_HandSolder</footprint>
      <datasheet>~</datasheet>
      <libsource lib="Device" part="R" description="Resistor"/>
      <sheetpath names="/" tstamps="/"/>
      <tstamp>5E79ACD7</tstamp>
    </comp>
    <comp ref="C1">
      <value>100µ</value>
      <footprint>Capacitor_THT:CP_Radial_D6.3mm_P2.50mm</footprint>
      <datasheet>~</datasheet>
      <libsource lib="Device" part="CP" description="Polarized capacitor"/>
      <sheetpath names="/" tstamps="/"/>
      <tstamp>5E7AC57D</tstamp>
    </comp>
    <comp ref="R4">
      <value>100k</value>
      <footprint>Resistor_SMD:R_0805_2012Metric_Pad1.15x1.40mm_HandSolder</footprint>
      <datasheet>~</datasheet>
      <libsource lib="Device" part="R" description="Resistor"/>
      <sheetpath names="/" tstamps="/"/>
      <tstamp>5E7BFA46</tstamp>
    </comp>
    <comp ref="H1">
      <value>MountingHole</value>
      <footprint>MountingHole:MountingHole_3.2mm_M3</footprint>
      <datasheet>~</datasheet>
      <libsource lib="Mechanical" part="MountingHole" description="Mounting Hole without connection"/>
      <sheetpath names="/" tstamps="/"/>
      <tstamp>5E79F90D</tstamp>
    </comp>
    <comp ref="H2">
      <value>MountingHole</value>
      <footprint>MountingHole:MountingHole_3.2mm_M3</footprint>
      <datasheet>~</datasheet>
      <libsource lib="Mechanical" part="MountingHole" description="Mounting Hole without connection"/>
      <sheetpath names="/" tstamps="/"/>
      <tstamp>5E79FD13</tstamp>
    </comp>
    <comp ref="U1">
      <value>PCM5102A</value>
      <footprint>Package_SO:TSSOP-20_4.4x6.5mm_P0.65mm</footprint>
      <datasheet>http://www.ti.com/lit/ds/symlink/pcm5100.pdf</datasheet>
      <libsource lib="Audio" part="PCM5102A" description=""/>
      <sheetpath names="/" tstamps="/"/>
      <tstamp>5ED93771</tstamp>
    </comp>
    <comp ref="C16">
      <value>100n</value>
      <footprint>Capacitor_SMD:C_0603_1608Metric_Pad1.05x0.95mm_HandSolder</footprint>
      <datasheet>~</datasheet>
      <libsource lib="Device" part="C_Small" description="Unpolarized capacitor, small symbol"/>
      <sheetpath names="/" tstamps="/"/>
      <tstamp>5ED986BE</tstamp>
    </comp>
    <comp ref="C17">
      <value>100n</value>
      <footprint>Capacitor_SMD:C_0603_1608Metric_Pad1.05x0.95mm_HandSolder</footprint>
      <datasheet>~</datasheet>
      <libsource lib="Device" part="C_Small" description="Unpolarized capacitor, small symbol"/>
      <sheetpath names="/" tstamps="/"/>
      <tstamp>5ED99807</tstamp>
    </comp>
    <comp ref="C12">
      <value>100n</value>
      <footprint>Capacitor_SMD:C_0603_1608Metric_Pad1.05x0.95mm_HandSolder</footprint>
      <datasheet>~</datasheet>
      <libsource lib="Device" part="C_Small" description="Unpolarized capacitor, small symbol"/>
      <sheetpath names="/" tstamps="/"/>
      <tstamp>5ED9A04B</tstamp>
    </comp>
    <comp ref="C14">
      <value>100n</value>
      <footprint>Capacitor_SMD:C_0603_1608Metric_Pad1.05x0.95mm_HandSolder</footprint>
      <datasheet>~</datasheet>
      <libsource lib="Device" part="C_Small" description="Unpolarized capacitor, small symbol"/>
      <sheetpath names="/" tstamps="/"/>
      <tstamp>5ED9AAD3</tstamp>
    </comp>
    <comp ref="C13">
      <value>2,2µ</value>
      <footprint>Capacitor_SMD:C_0603_1608Metric_Pad1.05x0.95mm_HandSolder</footprint>
      <datasheet>~</datasheet>
      <libsource lib="Device" part="C_Small" description="Unpolarized capacitor, small symbol"/>
      <sheetpath names="/" tstamps="/"/>
      <tstamp>5ED9F6AE</tstamp>
    </comp>
    <comp ref="C15">
      <value>2,2µ</value>
      <footprint>Capacitor_SMD:C_0603_1608Metric_Pad1.05x0.95mm_HandSolder</footprint>
      <datasheet>~</datasheet>
      <libsource lib="Device" part="C_Small" description="Unpolarized capacitor, small symbol"/>
      <sheetpath names="/" tstamps="/"/>
      <tstamp>5EDA06F8</tstamp>
    </comp>
    <comp ref="C11">
      <value>2,2n</value>
      <footprint>Capacitor_SMD:C_0603_1608Metric_Pad1.05x0.95mm_HandSolder</footprint>
      <datasheet>~</datasheet>
      <libsource lib="Device" part="C_Small" description="Unpolarized capacitor, small symbol"/>
      <sheetpath names="/" tstamps="/"/>
      <tstamp>5EDA39C8</tstamp>
    </comp>
    <comp ref="C10">
      <value>2,2n</value>
      <footprint>Capacitor_SMD:C_0603_1608Metric_Pad1.05x0.95mm_HandSolder</footprint>
      <datasheet>~</datasheet>
      <libsource lib="Device" part="C_Small" description="Unpolarized capacitor, small symbol"/>
      <sheetpath names="/" tstamps="/"/>
      <tstamp>5EDA4D53</tstamp>
    </comp>
    <comp ref="R13">
      <value>470</value>
      <footprint>Resistor_SMD:R_0805_2012Metric_Pad1.15x1.40mm_HandSolder</footprint>
      <datasheet>~</datasheet>
      <libsource lib="Device" part="R" description="Resistor"/>
      <sheetpath names="/" tstamps="/"/>
      <tstamp>5EDA81DB</tstamp>
    </comp>
    <comp ref="R14">
      <value>470</value>
      <footprint>Resistor_SMD:R_0805_2012Metric_Pad1.15x1.40mm_HandSolder</footprint>
      <datasheet>~</datasheet>
      <libsource lib="Device" part="R" description="Resistor"/>
      <sheetpath names="/" tstamps="/"/>
      <tstamp>5EDA9B3B</tstamp>
    </comp>
    <comp ref="R15">
      <value>470</value>
      <footprint>Resistor_SMD:R_0805_2012Metric_Pad1.15x1.40mm_HandSolder</footprint>
      <datasheet>~</datasheet>
      <libsource lib="Device" part="R" description="Resistor"/>
      <sheetpath names="/" tstamps="/"/>
      <tstamp>5EDAC4A7</tstamp>
    </comp>
    <comp ref="R10">
      <value>470</value>
      <footprint>Resistor_SMD:R_0805_2012Metric_Pad1.15x1.40mm_HandSolder</footprint>
      <datasheet>~</datasheet>
      <libsource lib="Device" part="R" description="Resistor"/>
      <sheetpath names="/" tstamps="/"/>
      <tstamp>5EDACDC2</tstamp>
    </comp>
    <comp ref="R11">
      <value>470</value>
      <footprint>Resistor_SMD:R_0805_2012Metric_Pad1.15x1.40mm_HandSolder</footprint>
      <datasheet>~</datasheet>
      <libsource lib="Device" part="R" description="Resistor"/>
      <sheetpath names="/" tstamps="/"/>
      <tstamp>5EDADE3B</tstamp>
    </comp>
    <comp ref="R12">
      <value>10k</value>
      <footprint>Resistor_SMD:R_0805_2012Metric_Pad1.15x1.40mm_HandSolder</footprint>
      <datasheet>~</datasheet>
      <libsource lib="Device" part="R" description="Resistor"/>
      <sheetpath names="/" tstamps="/"/>
      <tstamp>5EDAE628</tstamp>
    </comp>
    <comp ref="Q1">
      <value>IRLML6401</value>
      <footprint>Package_TO_SOT_SMD:SOT-23</footprint>
      <datasheet>https://www.infineon.com/dgdl/irlml6402pbf.pdf?fileId=5546d462533600a401535668d5c2263c</datasheet>
      <libsource lib="Transistor_FET" part="IRLML6402" description="-3.7A Id, -20V Vds, P-Channel MOSFET, 65mOhm Rds, SOT-23"/>
      <sheetpath names="/" tstamps="/"/>
      <tstamp>5EDC3143</tstamp>
    </comp>
    <comp ref="JP1">
      <value>SolderJumper_2_Open</value>
      <footprint>Jumper:SolderJumper-2_P1.3mm_Open_Pad1.0x1.5mm</footprint>
      <datasheet>~</datasheet>
      <libsource lib="Jumper" part="SolderJumper_2_Open" description="Solder Jumper, 2-pole, open"/>
      <sheetpath names="/" tstamps="/"/>
      <tstamp>5EEE6D6F</tstamp>
    </comp>
    <comp ref="IC1">
      <value>ME6211C33M5G</value>
      <footprint>Package_TO_SOT_SMD:SOT95P282X145-5N</footprint>
      <datasheet>http://xinhuidianzi.com.cn/UploadSysFiles/files/LDO-series/ME6211-Series_E15.0.pdf</datasheet>
      <fields>
        <field name="Arrow Part Number">ME6211C33M5G</field>
        <field name="Description">High Speed LDO Regulators, High PSRR, Low noise, ME6211 Series</field>
        <field name="Height">1.45</field>
        <field name="Manufacturer_Name">Microne</field>
        <field name="Manufacturer_Part_Number">ME6211C33M5G</field>
      </fields>
      <libsource lib="KopfhoÃàrerbuchse-mit-PCM5102A-rescue" part="ME6211C33M5G-ME6211C33M5G" description=""/>
      <sheetpath names="/" tstamps="/"/>
      <tstamp>5EE5B6FC</tstamp>
    </comp>
    <comp ref="C19">
      <value>1µ</value>
      <footprint>Capacitor_SMD:C_0603_1608Metric_Pad1.05x0.95mm_HandSolder</footprint>
      <datasheet>~</datasheet>
      <libsource lib="Device" part="C_Small" description="Unpolarized capacitor, small symbol"/>
      <sheetpath names="/" tstamps="/"/>
      <tstamp>5EE79336</tstamp>
    </comp>
    <comp ref="C18">
      <value>1µ</value>
      <footprint>Capacitor_SMD:C_0603_1608Metric_Pad1.05x0.95mm_HandSolder</footprint>
      <datasheet>~</datasheet>
      <libsource lib="Device" part="C_Small" description="Unpolarized capacitor, small symbol"/>
      <sheetpath names="/" tstamps="/"/>
      <tstamp>5EE7B523</tstamp>
    </comp>
  </components>
  <libparts>
    <libpart lib="Amplifier_Audio" part="TDA1308">
      <description>Class-AB Stereo Headphone Driver, SOIC-8/TSSOP-8</description>
      <docs>https://www.nxp.com/docs/en/data-sheet/TDA1308.pdf</docs>
      <footprints>
        <fp>SOIC*3.9x4.9mm*P1.27mm*</fp>
        <fp>TSSOP*3x3mm*P0.65mm*</fp>
      </footprints>
      <fields>
        <field name="Reference">U</field>
        <field name="Value">TDA1308</field>
      </fields>
      <pins>
        <pin num="1" name="~" type="output"/>
        <pin num="2" name="-" type="input"/>
        <pin num="3" name="+" type="input"/>
        <pin num="4" name="VSS" type="power_in"/>
        <pin num="5" name="+" type="input"/>
        <pin num="6" name="-" type="input"/>
        <pin num="7" name="~" type="output"/>
        <pin num="8" name="V+" type="power_in"/>
      </pins>
    </libpart>
    <libpart lib="Audio" part="PCM5102A">
      <aliases>
        <alias>5102</alias>
      </aliases>
      <docs>http://www.ti.com/lit/ds/symlink/pcm5100.pdf</docs>
      <footprints>
        <fp>TSSOP*4.4x6.5mm*P0.65mm*</fp>
      </footprints>
      <fields>
        <field name="Reference">U</field>
        <field name="Value">PCM5102A</field>
        <field name="Footprint">Package_SO:TSSOP-20_4.4x6.5mm_P0.65mm</field>
      </fields>
      <pins>
        <pin num="1" name="CPVDD" type="power_in"/>
        <pin num="2" name="CAPP" type="BiDi"/>
        <pin num="3" name="CPGND" type="power_in"/>
        <pin num="4" name="CAPM" type="BiDi"/>
        <pin num="5" name="VNEG" type="BiDi"/>
        <pin num="6" name="OUTL" type="output"/>
        <pin num="7" name="OUTR" type="output"/>
        <pin num="8" name="AVDD" type="power_in"/>
        <pin num="9" name="AGND" type="power_in"/>
        <pin num="10" name="DEMP" type="input"/>
        <pin num="11" name="FLT" type="input"/>
        <pin num="12" name="SCK" type="power_in"/>
        <pin num="13" name="BCK" type="input"/>
        <pin num="14" name="DIN" type="input"/>
        <pin num="15" name="LRCK" type="input"/>
        <pin num="16" name="FMT" type="input"/>
        <pin num="17" name="XSMT" type="input"/>
        <pin num="18" name="LDOO" type="input"/>
        <pin num="19" name="DGND" type="power_in"/>
        <pin num="20" name="DVDD" type="power_in"/>
      </pins>
    </libpart>
    <libpart lib="Connector" part="AudioJack3_Dual_Switch">
      <description>Audio Jack, Dual, 3 Poles (Stereo / TRS), Switched Poles (Normalling)</description>
      <docs>~</docs>
      <footprints>
        <fp>Jack*</fp>
      </footprints>
      <fields>
        <field name="Reference">J</field>
        <field name="Value">AudioJack3_Dual_Switch</field>
      </fields>
      <pins>
        <pin num="1" name="S1" type="passive"/>
        <pin num="2" name="SN1" type="passive"/>
        <pin num="3" name="R1" type="passive"/>
        <pin num="4" name="RN1" type="passive"/>
        <pin num="5" name="T1" type="passive"/>
        <pin num="6" name="TN1" type="passive"/>
        <pin num="R2" name="R1" type="passive"/>
        <pin num="RN2" name="RN1" type="passive"/>
        <pin num="S2" name="S1" type="passive"/>
        <pin num="SN2" name="SN1" type="passive"/>
        <pin num="T2" name="T1" type="passive"/>
        <pin num="TN2" name="TN1" type="passive"/>
      </pins>
    </libpart>
    <libpart lib="Connector_Generic" part="Conn_02x03_Odd_Even">
      <description>Generic connector, double row, 02x03, odd/even pin numbering scheme (row 1 odd numbers, row 2 even numbers), script generated (kicad-library-utils/schlib/autogen/connector/)</description>
      <docs>~</docs>
      <footprints>
        <fp>Connector*:*_2x??_*</fp>
      </footprints>
      <fields>
        <field name="Reference">J</field>
        <field name="Value">Conn_02x03_Odd_Even</field>
      </fields>
      <pins>
        <pin num="1" name="Pin_1" type="passive"/>
        <pin num="2" name="Pin_2" type="passive"/>
        <pin num="3" name="Pin_3" type="passive"/>
        <pin num="4" name="Pin_4" type="passive"/>
        <pin num="5" name="Pin_5" type="passive"/>
        <pin num="6" name="Pin_6" type="passive"/>
      </pins>
    </libpart>
    <libpart lib="Device" part="C">
      <description>Unpolarized capacitor</description>
      <docs>~</docs>
      <footprints>
        <fp>C_*</fp>
      </footprints>
      <fields>
        <field name="Reference">C</field>
        <field name="Value">C</field>
      </fields>
      <pins>
        <pin num="1" name="~" type="passive"/>
        <pin num="2" name="~" type="passive"/>
      </pins>
    </libpart>
    <libpart lib="Device" part="CP">
      <description>Polarized capacitor</description>
      <docs>~</docs>
      <footprints>
        <fp>CP_*</fp>
      </footprints>
      <fields>
        <field name="Reference">C</field>
        <field name="Value">CP</field>
      </fields>
      <pins>
        <pin num="1" name="~" type="passive"/>
        <pin num="2" name="~" type="passive"/>
      </pins>
    </libpart>
    <libpart lib="Device" part="C_Small">
      <description>Unpolarized capacitor, small symbol</description>
      <docs>~</docs>
      <footprints>
        <fp>C_*</fp>
      </footprints>
      <fields>
        <field name="Reference">C</field>
        <field name="Value">C_Small</field>
      </fields>
      <pins>
        <pin num="1" name="~" type="passive"/>
        <pin num="2" name="~" type="passive"/>
      </pins>
    </libpart>
    <libpart lib="Device" part="R">
      <description>Resistor</description>
      <docs>~</docs>
      <footprints>
        <fp>R_*</fp>
      </footprints>
      <fields>
        <field name="Reference">R</field>
        <field name="Value">R</field>
      </fields>
      <pins>
        <pin num="1" name="~" type="passive"/>
        <pin num="2" name="~" type="passive"/>
      </pins>
    </libpart>
    <libpart lib="Jumper" part="SolderJumper_2_Open">
      <description>Solder Jumper, 2-pole, open</description>
      <docs>~</docs>
      <footprints>
        <fp>SolderJumper*Open*</fp>
      </footprints>
      <fields>
        <field name="Reference">JP</field>
        <field name="Value">SolderJumper_2_Open</field>
      </fields>
      <pins>
        <pin num="1" name="A" type="passive"/>
        <pin num="2" name="B" type="passive"/>
      </pins>
    </libpart>
    <libpart lib="KopfhoÃàrerbuchse-mit-PCM5102A-rescue" part="ME6211C33M5G-ME6211C33M5G">
      <fields>
        <field name="Reference">IC</field>
        <field name="Value">ME6211C33M5G-ME6211C33M5G</field>
        <field name="Footprint">SOT95P282X145-5N</field>
        <field name="Datasheet">http://xinhuidianzi.com.cn/UploadSysFiles/files/LDO-series/ME6211-Series_E15.0.pdf</field>
        <field name="Description">High Speed LDO Regulators, High PSRR, Low noise, ME6211 Series</field>
        <field name="Height">1.45</field>
        <field name="Manufacturer_Name">Microne</field>
        <field name="Manufacturer_Part_Number">ME6211C33M5G</field>
        <field name="Arrow Part Number">ME6211C33M5G</field>
      </fields>
      <pins>
        <pin num="1" name="VIN" type="passive"/>
        <pin num="2" name="VSS" type="passive"/>
        <pin num="3" name="CE" type="passive"/>
        <pin num="4" name="NC" type="NotConnected"/>
        <pin num="5" name="VOUT" type="passive"/>
      </pins>
    </libpart>
    <libpart lib="Mechanical" part="MountingHole">
      <description>Mounting Hole without connection</description>
      <docs>~</docs>
      <footprints>
        <fp>MountingHole*</fp>
      </footprints>
      <fields>
        <field name="Reference">H</field>
        <field name="Value">MountingHole</field>
      </fields>
    </libpart>
    <libpart lib="Transistor_FET" part="TP0610T">
      <aliases>
        <alias>VP0610T</alias>
        <alias>BSS84</alias>
        <alias>NTR2101P</alias>
        <alias>BSS83P</alias>
        <alias>Si2319CDS</alias>
        <alias>IRLML6402</alias>
        <alias>DMG2301L</alias>
        <alias>AO3401A</alias>
        <alias>IRLML9301</alias>
        <alias>IRLML5203</alias>
        <alias>Si2371EDS</alias>
      </aliases>
      <description>-0.18A Id, -60V Vds, P-Channel MOSFET, SOT-23</description>
      <docs>http://www.vishay.com/docs/70209/70209.pdf</docs>
      <footprints>
        <fp>SOT?23*</fp>
      </footprints>
      <fields>
        <field name="Reference">Q</field>
        <field name="Value">TP0610T</field>
        <field name="Footprint">Package_TO_SOT_SMD:SOT-23</field>
      </fields>
      <pins>
        <pin num="1" name="G" type="input"/>
        <pin num="2" name="S" type="passive"/>
        <pin num="3" name="D" type="passive"/>
      </pins>
    </libpart>
  </libparts>
  <libraries>
    <library logical="Amplifier_Audio">
      <uri>/Library/Application Support/kicad/library/Amplifier_Audio.lib</uri>
    </library>
    <library logical="Audio">
      <uri>/Library/Application Support/kicad/library/Audio.lib</uri>
    </library>
    <library logical="Connector">
      <uri>/Library/Application Support/kicad/library/Connector.lib</uri>
    </library>
    <library logical="Connector_Generic">
      <uri>/Library/Application Support/kicad/library/Connector_Generic.lib</uri>
    </library>
    <library logical="Device">
      <uri>/Library/Application Support/kicad/library/Device.lib</uri>
    </library>
    <library logical="Jumper">
      <uri>/Library/Application Support/kicad/library/Jumper.lib</uri>
    </library>
    <library logical="KopfhoÃàrerbuchse-mit-PCM5102A-rescue">
      <uri>/Users/willmar/Documents/Kicad/Kicadprojekts/Tonuino Kopfhörerbuchse PCM5102A/KopfhoÃàrerbuchse mit PCM5102A-rescue.lib</uri>
    </library>
    <library logical="Mechanical">
      <uri>/Library/Application Support/kicad/library/Mechanical.lib</uri>
    </library>
    <library logical="Transistor_FET">
      <uri>/Library/Application Support/kicad/library/Transistor_FET.lib</uri>
    </library>
  </libraries>
  <nets>
    <net code="1" name="Net-(J2-Pad2)">
      <node ref="J2" pin="2"/>
      <node ref="R4" pin="1"/>
      <node ref="Q1" pin="1"/>
    </net>
    <net code="2" name="Net-(C9-Pad2)">
      <node ref="J2" pin="3"/>
      <node ref="C9" pin="2"/>
    </net>
    <net code="3" name="Net-(J2-Pad4)">
      <node ref="J2" pin="4"/>
    </net>
    <net code="4" name="Net-(J2-Pad6)">
      <node ref="J2" pin="6"/>
    </net>
    <net code="5" name="Net-(R6-Pad2)">
      <node ref="U2" pin="2"/>
      <node ref="R8" pin="1"/>
      <node ref="R6" pin="2"/>
    </net>
    <net code="6" name="Net-(C5-Pad1)">
      <node ref="C5" pin="1"/>
      <node ref="U2" pin="5"/>
      <node ref="U2" pin="3"/>
      <node ref="R5" pin="1"/>
      <node ref="R3" pin="2"/>
    </net>
    <net code="7" name="Net-(R7-Pad2)">
      <node ref="R7" pin="2"/>
      <node ref="R9" pin="1"/>
      <node ref="U2" pin="6"/>
    </net>
    <net code="8" name="OUTR">
      <node ref="C11" pin="1"/>
      <node ref="R11" pin="1"/>
      <node ref="C4" pin="1"/>
    </net>
    <net code="9" name="Net-(C8-Pad2)">
      <node ref="C8" pin="2"/>
      <node ref="J2" pin="5"/>
    </net>
    <net code="10" name="Net-(C9-Pad1)">
      <node ref="U2" pin="7"/>
      <node ref="R9" pin="2"/>
      <node ref="C9" pin="1"/>
    </net>
    <net code="11" name="Net-(C4-Pad2)">
      <node ref="C4" pin="2"/>
      <node ref="R7" pin="1"/>
    </net>
    <net code="12" name="Net-(C8-Pad1)">
      <node ref="C8" pin="1"/>
      <node ref="R8" pin="2"/>
      <node ref="U2" pin="1"/>
    </net>
    <net code="13" name="Net-(J1-Pad6)">
      <node ref="R2" pin="2"/>
      <node ref="Q1" pin="3"/>
      <node ref="J1" pin="6"/>
    </net>
    <net code="14" name="Net-(C3-Pad2)">
      <node ref="C3" pin="2"/>
      <node ref="R6" pin="1"/>
    </net>
    <net code="15" name="Net-(U1-Pad16)">
      <node ref="U1" pin="16"/>
    </net>
    <net code="16" name="GND">
      <node ref="U2" pin="4"/>
      <node ref="C18" pin="1"/>
      <node ref="C1" pin="2"/>
      <node ref="C19" pin="1"/>
      <node ref="U1" pin="10"/>
      <node ref="U1" pin="11"/>
      <node ref="U1" pin="12"/>
      <node ref="IC1" pin="2"/>
      <node ref="U1" pin="19"/>
      <node ref="J2" pin="1"/>
      <node ref="U1" pin="3"/>
      <node ref="U1" pin="9"/>
      <node ref="C16" pin="2"/>
      <node ref="C17" pin="1"/>
      <node ref="J1" pin="4"/>
      <node ref="C12" pin="2"/>
      <node ref="C14" pin="2"/>
      <node ref="C13" pin="1"/>
      <node ref="R5" pin="2"/>
      <node ref="C11" pin="2"/>
      <node ref="C10" pin="2"/>
      <node ref="R2" pin="1"/>
      <node ref="C2" pin="2"/>
      <node ref="C5" pin="2"/>
    </net>
    <net code="17" name="Net-(C13-Pad2)">
      <node ref="U1" pin="5"/>
      <node ref="C13" pin="2"/>
    </net>
    <net code="18" name="Net-(C17-Pad2)">
      <node ref="U1" pin="18"/>
      <node ref="C17" pin="2"/>
    </net>
    <net code="19" name="Net-(C15-Pad1)">
      <node ref="C15" pin="1"/>
      <node ref="U1" pin="4"/>
    </net>
    <net code="20" name="Net-(C15-Pad2)">
      <node ref="U1" pin="2"/>
      <node ref="C15" pin="2"/>
    </net>
    <net code="21" name="Net-(R13-Pad1)">
      <node ref="R13" pin="1"/>
      <node ref="U1" pin="15"/>
    </net>
    <net code="22" name="LCK">
      <node ref="J1" pin="5"/>
      <node ref="R13" pin="2"/>
    </net>
    <net code="23" name="Net-(R14-Pad1)">
      <node ref="R14" pin="1"/>
      <node ref="U1" pin="14"/>
    </net>
    <net code="24" name="DIN">
      <node ref="R14" pin="2"/>
      <node ref="J1" pin="1"/>
    </net>
    <net code="25" name="Net-(R15-Pad1)">
      <node ref="R15" pin="1"/>
      <node ref="U1" pin="13"/>
    </net>
    <net code="26" name="BCK">
      <node ref="R15" pin="2"/>
      <node ref="J1" pin="3"/>
    </net>
    <net code="27" name="OUTL">
      <node ref="C10" pin="1"/>
      <node ref="C3" pin="1"/>
      <node ref="R10" pin="1"/>
    </net>
    <net code="28" name="Net-(R10-Pad2)">
      <node ref="U1" pin="6"/>
      <node ref="R10" pin="2"/>
    </net>
    <net code="29" name="Net-(R11-Pad2)">
      <node ref="U1" pin="7"/>
      <node ref="R11" pin="2"/>
    </net>
    <net code="30" name="Net-(R12-Pad1)">
      <node ref="U1" pin="17"/>
      <node ref="R12" pin="1"/>
    </net>
    <net code="31" name="3,3V">
      <node ref="R12" pin="2"/>
      <node ref="C14" pin="1"/>
      <node ref="C12" pin="1"/>
      <node ref="Q1" pin="2"/>
      <node ref="C16" pin="1"/>
      <node ref="U1" pin="8"/>
      <node ref="U1" pin="20"/>
      <node ref="JP1" pin="2"/>
      <node ref="R4" pin="2"/>
      <node ref="C19" pin="2"/>
      <node ref="U1" pin="1"/>
      <node ref="IC1" pin="5"/>
    </net>
    <net code="32" name="Net-(C1-Pad1)">
      <node ref="IC1" pin="3"/>
      <node ref="C1" pin="1"/>
      <node ref="C18" pin="2"/>
      <node ref="U2" pin="8"/>
      <node ref="IC1" pin="1"/>
      <node ref="JP1" pin="1"/>
      <node ref="J1" pin="2"/>
      <node ref="R3" pin="1"/>
      <node ref="C2" pin="1"/>
    </net>
    <net code="33" name="Net-(IC1-Pad4)">
      <node ref="IC1" pin="4"/>
    </net>
  </nets>
</export>
