<?xml version="1.0" encoding="UTF-8"?>
<export version="D">
  <design>
    <source>/Users/torsten/Documents/KiCad/Tonuino V2/Tonuino V2.sch</source>
    <date>2020 December 06, Sunday 17:43:03</date>
    <tool>Eeschema (5.1.8-0-10_14)</tool>
    <sheet number="1" name="/" tstamps="/">
      <title_block>
        <title>Tonuino-ESP32-I2S Lolin32</title>
        <company/>
        <rev>1.0</rev>
        <date>2020-12-06</date>
        <source>Tonuino V2.sch</source>
        <comment number="1" value=""/>
        <comment number="2" value=""/>
        <comment number="3" value=""/>
        <comment number="4" value=""/>
      </title_block>
    </sheet>
  </design>
  <components>
    <comp ref="J1">
      <value>Neopixel</value>
      <footprint>Connector_JST:JST_PH_B3B-PH-K_1x03_P2.00mm_Vertical</footprint>
      <datasheet>~</datasheet>
      <libsource lib="Connector" part="Conn_01x03_Male" description="Generic connector, single row, 01x03, script generated (kicad-library-utils/schlib/autogen/connector/)"/>
      <sheetpath names="/" tstamps="/"/>
      <tstamp>5F383CD1</tstamp>
    </comp>
    <comp ref="R3">
      <value>100k</value>
      <footprint>Resistor_THT:R_Axial_DIN0204_L3.6mm_D1.6mm_P7.62mm_Horizontal</footprint>
      <datasheet>~</datasheet>
      <libsource lib="Device" part="R" description="Resistor"/>
      <sheetpath names="/" tstamps="/"/>
      <tstamp>5F38CB65</tstamp>
    </comp>
    <comp ref="Q1">
      <value>IRF530NPbF</value>
      <footprint>Package_TO_SOT_THT:TO-220-3_Vertical</footprint>
      <datasheet>http://www.irf.com/product-info/datasheets/data/irf540n.pdf</datasheet>
      <libsource lib="Transistor_FET" part="IRF540N" description="33A Id, 100V Vds, HEXFET N-Channel MOSFET, TO-220"/>
      <sheetpath names="/" tstamps="/"/>
      <tstamp>5F38EA94</tstamp>
    </comp>
    <comp ref="R1">
      <value>1k</value>
      <footprint>Resistor_THT:R_Axial_DIN0204_L3.6mm_D1.6mm_P7.62mm_Horizontal</footprint>
      <datasheet>~</datasheet>
      <libsource lib="Device" part="R" description="Resistor"/>
      <sheetpath names="/" tstamps="/"/>
      <tstamp>5F39389B</tstamp>
    </comp>
    <comp ref="Q2">
      <value>NDP6020P</value>
      <footprint>Package_TO_SOT_THT:TO-220-3_Vertical</footprint>
      <datasheet>~</datasheet>
      <libsource lib="Device" part="Q_PMOS_GDS" description="P-MOSFET transistor, gate/drain/source"/>
      <sheetpath names="/" tstamps="/"/>
      <tstamp>5F387CF3</tstamp>
    </comp>
    <comp ref="R2">
      <value>10k</value>
      <footprint>Resistor_THT:R_Axial_DIN0204_L3.6mm_D1.6mm_P7.62mm_Horizontal</footprint>
      <datasheet>~</datasheet>
      <libsource lib="Device" part="R" description="Resistor"/>
      <sheetpath names="/" tstamps="/"/>
      <tstamp>5F394A4D</tstamp>
    </comp>
    <comp ref="J3">
      <value>RotEncoder</value>
      <footprint>Connector_JST:JST_PH_B5B-PH-K_1x05_P2.00mm_Vertical</footprint>
      <datasheet>~</datasheet>
      <libsource lib="Connector" part="Conn_01x05_Male" description="Generic connector, single row, 01x05, script generated (kicad-library-utils/schlib/autogen/connector/)"/>
      <sheetpath names="/" tstamps="/"/>
      <tstamp>5F3AB17E</tstamp>
    </comp>
    <comp ref="U1">
      <value>Wemos Lolin32</value>
      <footprint>Module:Lolin32</footprint>
      <libsource lib="symbols" part="Lolin32" description=""/>
      <sheetpath names="/" tstamps="/"/>
      <tstamp>5F3628D0</tstamp>
    </comp>
    <comp ref="J2">
      <value>to-Headphone</value>
      <footprint>Connector_IDC:IDC-Header_2x03_P2.54mm_Vertical</footprint>
      <datasheet>~</datasheet>
      <libsource lib="Connector_Generic" part="Conn_02x03_Odd_Even" description="Generic connector, double row, 02x03, odd/even pin numbering scheme (row 1 odd numbers, row 2 even numbers), script generated (kicad-library-utils/schlib/autogen/connector/)"/>
      <sheetpath names="/" tstamps="/"/>
      <tstamp>5FA627D9</tstamp>
    </comp>
    <comp ref="J8">
      <value>uSD-Reader</value>
      <footprint>Connector_PinSocket_2.54mm:PinSocket_1x06_P2.54mm_Vertical</footprint>
      <datasheet>~</datasheet>
      <libsource lib="Connector" part="Conn_01x06_Female" description="Generic connector, single row, 01x06, script generated (kicad-library-utils/schlib/autogen/connector/)"/>
      <sheetpath names="/" tstamps="/"/>
      <tstamp>5FAB5A2D</tstamp>
    </comp>
    <comp ref="J7">
      <value>MAX98357a</value>
      <footprint>Connector_PinSocket_2.54mm:PinSocket_1x07_P2.54mm_Vertical</footprint>
      <datasheet>~</datasheet>
      <libsource lib="Connector" part="Conn_01x07_Female" description="Generic connector, single row, 01x07, script generated (kicad-library-utils/schlib/autogen/connector/)"/>
      <sheetpath names="/" tstamps="/"/>
      <tstamp>5FB729C6</tstamp>
    </comp>
    <comp ref="R4">
      <value>100k</value>
      <footprint>Resistor_THT:R_Axial_DIN0204_L3.6mm_D1.6mm_P7.62mm_Horizontal</footprint>
      <datasheet>~</datasheet>
      <libsource lib="Device" part="R" description="Resistor"/>
      <sheetpath names="/" tstamps="/"/>
      <tstamp>5F4442CD</tstamp>
    </comp>
    <comp ref="H1">
      <value>MountingHole</value>
      <footprint>MountingHole:MountingHole_3.2mm_M3</footprint>
      <datasheet>~</datasheet>
      <libsource lib="Mechanical" part="MountingHole" description="Mounting Hole without connection"/>
      <sheetpath names="/" tstamps="/"/>
      <tstamp>5FBB2FEE</tstamp>
    </comp>
    <comp ref="H4">
      <value>MountingHole</value>
      <footprint>MountingHole:MountingHole_3.2mm_M3</footprint>
      <datasheet>~</datasheet>
      <libsource lib="Mechanical" part="MountingHole" description="Mounting Hole without connection"/>
      <sheetpath names="/" tstamps="/"/>
      <tstamp>5FBB529A</tstamp>
    </comp>
    <comp ref="H3">
      <value>MountingHole</value>
      <footprint>MountingHole:MountingHole_3.2mm_M3</footprint>
      <datasheet>~</datasheet>
      <libsource lib="Mechanical" part="MountingHole" description="Mounting Hole without connection"/>
      <sheetpath names="/" tstamps="/"/>
      <tstamp>5FBB5614</tstamp>
    </comp>
    <comp ref="H2">
      <value>MountingHole</value>
      <footprint>MountingHole:MountingHole_3.2mm_M3</footprint>
      <datasheet>~</datasheet>
      <libsource lib="Mechanical" part="MountingHole" description="Mounting Hole without connection"/>
      <sheetpath names="/" tstamps="/"/>
      <tstamp>5FBB599F</tstamp>
    </comp>
    <comp ref="J4">
      <value>Next-Bt</value>
      <footprint>Connector_JST:JST_PH_B2B-PH-K_1x02_P2.00mm_Vertical</footprint>
      <datasheet>~</datasheet>
      <libsource lib="Connector_Generic" part="Conn_01x02" description="Generic connector, single row, 01x02, script generated (kicad-library-utils/schlib/autogen/connector/)"/>
      <sheetpath names="/" tstamps="/"/>
      <tstamp>5FC64B4B</tstamp>
    </comp>
    <comp ref="J9">
      <value>PPlay-Bt</value>
      <footprint>Connector_JST:JST_PH_B2B-PH-K_1x02_P2.00mm_Vertical</footprint>
      <datasheet>~</datasheet>
      <libsource lib="Connector_Generic" part="Conn_01x02" description="Generic connector, single row, 01x02, script generated (kicad-library-utils/schlib/autogen/connector/)"/>
      <sheetpath names="/" tstamps="/"/>
      <tstamp>5FC643C0</tstamp>
    </comp>
    <comp ref="J6">
      <value>Prev-Bt</value>
      <footprint>Connector_JST:JST_PH_B2B-PH-K_1x02_P2.00mm_Vertical</footprint>
      <datasheet>~</datasheet>
      <libsource lib="Connector_Generic" part="Conn_01x02" description="Generic connector, single row, 01x02, script generated (kicad-library-utils/schlib/autogen/connector/)"/>
      <sheetpath names="/" tstamps="/"/>
      <tstamp>5FC5C1DC</tstamp>
    </comp>
    <comp ref="J5">
      <value>RFID1</value>
      <footprint>Connector_JST:JST_PH_B3B-PH-K_1x03_P2.00mm_Vertical</footprint>
      <datasheet>~</datasheet>
      <libsource lib="Connector_Generic" part="Conn_01x03" description="Generic connector, single row, 01x03, script generated (kicad-library-utils/schlib/autogen/connector/)"/>
      <sheetpath names="/" tstamps="/"/>
      <tstamp>5FB195EC</tstamp>
    </comp>
    <comp ref="J10">
      <value>RFID2</value>
      <footprint>Connector_JST:JST_PH_B3B-PH-K_1x03_P2.00mm_Vertical</footprint>
      <datasheet>~</datasheet>
      <libsource lib="Connector_Generic" part="Conn_01x03" description="Generic connector, single row, 01x03, script generated (kicad-library-utils/schlib/autogen/connector/)"/>
      <sheetpath names="/" tstamps="/"/>
      <tstamp>5FB1A8D3</tstamp>
    </comp>
    <comp ref="Rdiv1">
      <value>130k</value>
      <footprint>Resistor_THT:R_Axial_DIN0204_L3.6mm_D1.6mm_P7.62mm_Horizontal</footprint>
      <datasheet>~</datasheet>
      <libsource lib="Device" part="R" description="Resistor"/>
      <sheetpath names="/" tstamps="/"/>
      <tstamp>5FB7B020</tstamp>
    </comp>
    <comp ref="Rdiv2">
      <value>390k</value>
      <footprint>Resistor_THT:R_Axial_DIN0204_L3.6mm_D1.6mm_P7.62mm_Horizontal</footprint>
      <datasheet>~</datasheet>
      <libsource lib="Device" part="R" description="Resistor"/>
      <sheetpath names="/" tstamps="/"/>
      <tstamp>5FB7B6C4</tstamp>
    </comp>
    <comp ref="J12">
      <value>toLolin</value>
      <footprint>Connector_PinHeader_2.00mm:PinHeader_1x02_P2.00mm_Vertical</footprint>
      <datasheet>~</datasheet>
      <libsource lib="Connector_Generic" part="Conn_01x02" description="Generic connector, single row, 01x02, script generated (kicad-library-utils/schlib/autogen/connector/)"/>
      <sheetpath names="/" tstamps="/"/>
      <tstamp>5FB9B464</tstamp>
    </comp>
    <comp ref="J11">
      <value>Battery</value>
      <footprint>Connector_JST:JST_PH_B2B-PH-K_1x02_P2.00mm_Vertical</footprint>
      <datasheet>~</datasheet>
      <libsource lib="Connector_Generic" part="Conn_01x02" description="Generic connector, single row, 01x02, script generated (kicad-library-utils/schlib/autogen/connector/)"/>
      <sheetpath names="/" tstamps="/"/>
      <tstamp>5FB80D04</tstamp>
    </comp>
  </components>
  <libparts>
    <libpart lib="Connector" part="Conn_01x03_Male">
      <description>Generic connector, single row, 01x03, script generated (kicad-library-utils/schlib/autogen/connector/)</description>
      <docs>~</docs>
      <footprints>
        <fp>Connector*:*_1x??_*</fp>
      </footprints>
      <fields>
        <field name="Reference">J</field>
        <field name="Value">Conn_01x03_Male</field>
      </fields>
      <pins>
        <pin num="1" name="Pin_1" type="passive"/>
        <pin num="2" name="Pin_2" type="passive"/>
        <pin num="3" name="Pin_3" type="passive"/>
      </pins>
    </libpart>
    <libpart lib="Connector" part="Conn_01x05_Male">
      <description>Generic connector, single row, 01x05, script generated (kicad-library-utils/schlib/autogen/connector/)</description>
      <docs>~</docs>
      <footprints>
        <fp>Connector*:*_1x??_*</fp>
      </footprints>
      <fields>
        <field name="Reference">J</field>
        <field name="Value">Conn_01x05_Male</field>
      </fields>
      <pins>
        <pin num="1" name="Pin_1" type="passive"/>
        <pin num="2" name="Pin_2" type="passive"/>
        <pin num="3" name="Pin_3" type="passive"/>
        <pin num="4" name="Pin_4" type="passive"/>
        <pin num="5" name="Pin_5" type="passive"/>
      </pins>
    </libpart>
    <libpart lib="Connector" part="Conn_01x06_Female">
      <description>Generic connector, single row, 01x06, script generated (kicad-library-utils/schlib/autogen/connector/)</description>
      <docs>~</docs>
      <footprints>
        <fp>Connector*:*_1x??_*</fp>
      </footprints>
      <fields>
        <field name="Reference">J</field>
        <field name="Value">Conn_01x06_Female</field>
      </fields>
      <pins>
        <pin num="1" name="Pin_1" type="passive"/>
        <pin num="2" name="Pin_2" type="passive"/>
        <pin num="3" name="Pin_3" type="passive"/>
        <pin num="4" name="Pin_4" type="passive"/>
        <pin num="5" name="Pin_5" type="passive"/>
        <pin num="6" name="Pin_6" type="passive"/>
      </pins>
    </libpart>
    <libpart lib="Connector" part="Conn_01x07_Female">
      <description>Generic connector, single row, 01x07, script generated (kicad-library-utils/schlib/autogen/connector/)</description>
      <docs>~</docs>
      <footprints>
        <fp>Connector*:*_1x??_*</fp>
      </footprints>
      <fields>
        <field name="Reference">J</field>
        <field name="Value">Conn_01x07_Female</field>
      </fields>
      <pins>
        <pin num="1" name="Pin_1" type="passive"/>
        <pin num="2" name="Pin_2" type="passive"/>
        <pin num="3" name="Pin_3" type="passive"/>
        <pin num="4" name="Pin_4" type="passive"/>
        <pin num="5" name="Pin_5" type="passive"/>
        <pin num="6" name="Pin_6" type="passive"/>
        <pin num="7" name="Pin_7" type="passive"/>
      </pins>
    </libpart>
    <libpart lib="Connector_Generic" part="Conn_01x02">
      <description>Generic connector, single row, 01x02, script generated (kicad-library-utils/schlib/autogen/connector/)</description>
      <docs>~</docs>
      <footprints>
        <fp>Connector*:*_1x??_*</fp>
      </footprints>
      <fields>
        <field name="Reference">J</field>
        <field name="Value">Conn_01x02</field>
      </fields>
      <pins>
        <pin num="1" name="Pin_1" type="passive"/>
        <pin num="2" name="Pin_2" type="passive"/>
      </pins>
    </libpart>
    <libpart lib="Connector_Generic" part="Conn_01x03">
      <description>Generic connector, single row, 01x03, script generated (kicad-library-utils/schlib/autogen/connector/)</description>
      <docs>~</docs>
      <footprints>
        <fp>Connector*:*_1x??_*</fp>
      </footprints>
      <fields>
        <field name="Reference">J</field>
        <field name="Value">Conn_01x03</field>
      </fields>
      <pins>
        <pin num="1" name="Pin_1" type="passive"/>
        <pin num="2" name="Pin_2" type="passive"/>
        <pin num="3" name="Pin_3" type="passive"/>
      </pins>
    </libpart>
    <libpart lib="Connector_Generic" part="Conn_02x03_Odd_Even">
      <description>Generic connector, double row, 02x03, odd/even pin numbering scheme (row 1 odd numbers, row 2 even numbers), script generated (kicad-library-utils/schlib/autogen/connector/)</description>
      <docs>~</docs>
      <footprints>
        <fp>Connector*:*_2x??_*</fp>
      </footprints>
      <fields>
        <field name="Reference">J</field>
        <field name="Value">Conn_02x03_Odd_Even</field>
      </fields>
      <pins>
        <pin num="1" name="Pin_1" type="passive"/>
        <pin num="2" name="Pin_2" type="passive"/>
        <pin num="3" name="Pin_3" type="passive"/>
        <pin num="4" name="Pin_4" type="passive"/>
        <pin num="5" name="Pin_5" type="passive"/>
        <pin num="6" name="Pin_6" type="passive"/>
      </pins>
    </libpart>
    <libpart lib="Device" part="Q_PMOS_GDS">
      <description>P-MOSFET transistor, gate/drain/source</description>
      <docs>~</docs>
      <fields>
        <field name="Reference">Q</field>
        <field name="Value">Q_PMOS_GDS</field>
      </fields>
      <pins>
        <pin num="1" name="G" type="input"/>
        <pin num="2" name="D" type="passive"/>
        <pin num="3" name="S" type="passive"/>
      </pins>
    </libpart>
    <libpart lib="Device" part="R">
      <description>Resistor</description>
      <docs>~</docs>
      <footprints>
        <fp>R_*</fp>
      </footprints>
      <fields>
        <field name="Reference">R</field>
        <field name="Value">R</field>
      </fields>
      <pins>
        <pin num="1" name="~" type="passive"/>
        <pin num="2" name="~" type="passive"/>
      </pins>
    </libpart>
    <libpart lib="Mechanical" part="MountingHole">
      <description>Mounting Hole without connection</description>
      <docs>~</docs>
      <footprints>
        <fp>MountingHole*</fp>
      </footprints>
      <fields>
        <field name="Reference">H</field>
        <field name="Value">MountingHole</field>
      </fields>
    </libpart>
    <libpart lib="Transistor_FET" part="BUZ11">
      <aliases>
        <alias>IRF3205</alias>
        <alias>IRF540N</alias>
        <alias>IRF740</alias>
        <alias>IRLB8721PBF</alias>
        <alias>IRLZ34N</alias>
        <alias>IRLZ44N</alias>
        <alias>VNP10N07</alias>
        <alias>IPP060N06N</alias>
      </aliases>
      <description>30A Id, 50V Vds, N-Channel Power MOSFET, TO-220</description>
      <docs>https://media.digikey.com/pdf/Data%20Sheets/Fairchild%20PDFs/BUZ11.pdf</docs>
      <footprints>
        <fp>TO?220*</fp>
      </footprints>
      <fields>
        <field name="Reference">Q</field>
        <field name="Value">BUZ11</field>
        <field name="Footprint">Package_TO_SOT_THT:TO-220-3_Vertical</field>
      </fields>
      <pins>
        <pin num="1" name="G" type="input"/>
        <pin num="2" name="D" type="passive"/>
        <pin num="3" name="S" type="passive"/>
      </pins>
    </libpart>
    <libpart lib="symbols" part="Lolin32">
      <fields>
        <field name="Reference">U</field>
        <field name="Value">Lolin32</field>
      </fields>
      <pins>
        <pin num="1" name="3V" type="input"/>
        <pin num="2" name="EN" type="input"/>
        <pin num="3" name="A0/36/VP" type="input"/>
        <pin num="4" name="A3/39/VN" type="input"/>
        <pin num="5" name="A4/32" type="input"/>
        <pin num="6" name="A5/33" type="input"/>
        <pin num="7" name="A6/34" type="input"/>
        <pin num="8" name="A7/35" type="input"/>
        <pin num="9" name="A18/DAC1/25" type="input"/>
        <pin num="10" name="A19/DAC2/26" type="input"/>
        <pin num="11" name="A17/27" type="input"/>
        <pin num="12" name="A16/14" type="input"/>
        <pin num="13" name="A15/12" type="input"/>
        <pin num="14" name="A14/13" type="input"/>
        <pin num="15" name="5V" type="input"/>
        <pin num="16" name="GND" type="input"/>
        <pin num="17" name="GND" type="input"/>
        <pin num="18" name="TX/1" type="input"/>
        <pin num="19" name="RX/3" type="input"/>
        <pin num="20" name="3V" type="input"/>
        <pin num="21" name="SCL/22" type="input"/>
        <pin num="22" name="SDA/21" type="input"/>
        <pin num="23" name="GND" type="input"/>
        <pin num="24" name="GND" type="input"/>
        <pin num="25" name="MISO/19" type="input"/>
        <pin num="26" name="MOSI/23" type="input"/>
        <pin num="27" name="SCK/18" type="input"/>
        <pin num="28" name="SS/5/LED" type="input"/>
        <pin num="29" name="3V" type="input"/>
        <pin num="30" name="17" type="input"/>
        <pin num="31" name="16" type="input"/>
        <pin num="32" name="4" type="input"/>
        <pin num="33" name="0" type="input"/>
        <pin num="34" name="GND" type="input"/>
        <pin num="35" name="2" type="input"/>
        <pin num="36" name="15" type="input"/>
      </pins>
    </libpart>
  </libparts>
  <libraries>
    <library logical="Connector">
      <uri>/Library/Application Support/kicad/library/Connector.lib</uri>
    </library>
    <library logical="Connector_Generic">
      <uri>/Library/Application Support/kicad/library/Connector_Generic.lib</uri>
    </library>
    <library logical="Device">
      <uri>/Library/Application Support/kicad/library/Device.lib</uri>
    </library>
    <library logical="Mechanical">
      <uri>/Library/Application Support/kicad/library/Mechanical.lib</uri>
    </library>
    <library logical="Transistor_FET">
      <uri>/Library/Application Support/kicad/library/Transistor_FET.lib</uri>
    </library>
    <library logical="symbols">
      <uri>/Users/torsten/Downloads/symbols.lib</uri>
    </library>
  </libraries>
  <nets>
    <net code="1" name="Net-(U1-Pad33)">
      <node ref="U1" pin="33"/>
    </net>
    <net code="2" name="Net-(Q1-Pad2)">
      <node ref="R3" pin="1"/>
      <node ref="Q1" pin="2"/>
      <node ref="Q2" pin="1"/>
    </net>
    <net code="3" name="Net-(Q2-Pad3)">
      <node ref="U1" pin="20"/>
      <node ref="R3" pin="2"/>
      <node ref="Q2" pin="3"/>
    </net>
    <net code="4" name="Net-(Q1-Pad1)">
      <node ref="Q1" pin="1"/>
      <node ref="R1" pin="1"/>
      <node ref="R2" pin="1"/>
    </net>
    <net code="5" name="Net-(R1-Pad2)">
      <node ref="U1" pin="30"/>
      <node ref="R1" pin="2"/>
    </net>
    <net code="6" name="GND">
      <node ref="R2" pin="2"/>
      <node ref="J3" pin="1"/>
      <node ref="Q1" pin="3"/>
      <node ref="J4" pin="2"/>
      <node ref="J9" pin="2"/>
      <node ref="J6" pin="2"/>
      <node ref="U1" pin="16"/>
      <node ref="J1" pin="3"/>
      <node ref="U1" pin="23"/>
      <node ref="J7" pin="2"/>
      <node ref="J10" pin="2"/>
      <node ref="U1" pin="34"/>
      <node ref="J8" pin="1"/>
      <node ref="J2" pin="4"/>
    </net>
    <net code="7" name="Net-(J3-Pad2)">
      <node ref="J3" pin="2"/>
      <node ref="U1" pin="1"/>
    </net>
    <net code="8" name="Net-(U1-Pad2)">
      <node ref="U1" pin="2"/>
    </net>
    <net code="9" name="Net-(U1-Pad3)">
      <node ref="U1" pin="3"/>
    </net>
    <net code="10" name="Net-(U1-Pad4)">
      <node ref="U1" pin="4"/>
    </net>
    <net code="11" name="Net-(U1-Pad18)">
      <node ref="U1" pin="18"/>
    </net>
    <net code="12" name="Net-(U1-Pad19)">
      <node ref="U1" pin="19"/>
    </net>
    <net code="13" name="Net-(U1-Pad29)">
      <node ref="U1" pin="29"/>
    </net>
    <net code="14" name="Net-(U1-Pad15)">
      <node ref="U1" pin="15"/>
    </net>
    <net code="15" name="LRC">
      <node ref="J2" pin="5"/>
      <node ref="U1" pin="10"/>
      <node ref="J7" pin="7"/>
    </net>
    <net code="16" name="BCLK">
      <node ref="U1" pin="11"/>
      <node ref="J7" pin="6"/>
      <node ref="J2" pin="3"/>
    </net>
    <net code="17" name="SCK_SD">
      <node ref="U1" pin="12"/>
      <node ref="J8" pin="3"/>
    </net>
    <net code="18" name="NEO_DI">
      <node ref="J1" pin="2"/>
      <node ref="U1" pin="13"/>
    </net>
    <net code="19" name="MOSI_SD">
      <node ref="J8" pin="4"/>
      <node ref="U1" pin="14"/>
    </net>
    <net code="20" name="Net-(U1-Pad17)">
      <node ref="U1" pin="17"/>
    </net>
    <net code="21" name="CS_RFID">
      <node ref="J5" pin="1"/>
      <node ref="U1" pin="22"/>
    </net>
    <net code="22" name="Net-(U1-Pad24)">
      <node ref="U1" pin="24"/>
    </net>
    <net code="23" name="MOSI_RFID">
      <node ref="U1" pin="26"/>
      <node ref="J5" pin="3"/>
    </net>
    <net code="24" name="SCK_RFID">
      <node ref="U1" pin="27"/>
      <node ref="J5" pin="2"/>
    </net>
    <net code="25" name="BUT_PPLAY">
      <node ref="U1" pin="28"/>
      <node ref="J9" pin="1"/>
    </net>
    <net code="26" name="MISO_SD">
      <node ref="U1" pin="31"/>
      <node ref="J8" pin="2"/>
    </net>
    <net code="27" name="CS_SD">
      <node ref="U1" pin="36"/>
      <node ref="J8" pin="5"/>
    </net>
    <net code="28" name="ROTENC_BUT">
      <node ref="U1" pin="5"/>
      <node ref="J3" pin="3"/>
    </net>
    <net code="29" name="VBat">
      <node ref="Rdiv1" pin="1"/>
      <node ref="Rdiv2" pin="1"/>
      <node ref="U1" pin="6"/>
    </net>
    <net code="30" name="ROTENC_CLR">
      <node ref="U1" pin="7"/>
      <node ref="J3" pin="4"/>
    </net>
    <net code="31" name="ROTENC_DT">
      <node ref="J3" pin="5"/>
      <node ref="U1" pin="8"/>
    </net>
    <net code="32" name="DIN">
      <node ref="U1" pin="9"/>
      <node ref="J2" pin="1"/>
      <node ref="J7" pin="5"/>
    </net>
    <net code="33" name="HEADPHONE">
      <node ref="U1" pin="21"/>
      <node ref="J2" pin="6"/>
      <node ref="J7" pin="3"/>
    </net>
    <net code="34" name="SW_POWER3.3">
      <node ref="R4" pin="2"/>
      <node ref="J1" pin="1"/>
      <node ref="J10" pin="3"/>
      <node ref="Q2" pin="2"/>
      <node ref="J8" pin="6"/>
      <node ref="J2" pin="2"/>
      <node ref="J7" pin="1"/>
    </net>
    <net code="35" name="BUT_NEXT">
      <node ref="J4" pin="1"/>
      <node ref="U1" pin="32"/>
    </net>
    <net code="36" name="BUT_PREV">
      <node ref="J6" pin="1"/>
      <node ref="U1" pin="35"/>
    </net>
    <net code="37" name="GAIN">
      <node ref="J7" pin="4"/>
      <node ref="R4" pin="1"/>
    </net>
    <net code="38" name="MISO_RFID">
      <node ref="U1" pin="25"/>
      <node ref="J10" pin="1"/>
    </net>
    <net code="39" name="Net-(J11-Pad1)">
      <node ref="Rdiv1" pin="2"/>
      <node ref="J12" pin="2"/>
      <node ref="J11" pin="1"/>
    </net>
    <net code="40" name="Net-(J11-Pad2)">
      <node ref="Rdiv2" pin="2"/>
      <node ref="J12" pin="1"/>
      <node ref="J11" pin="2"/>
    </net>
  </nets>
</export>
